basis,hook_type,videos,total_gmv,avg_gmv_per_video,total_items_sold,total_views,avg_views_per_video,total_likes,total_comments,total_engagements,engagement_rate_pct,gmv_per_1k_views,rank_gmv,rank_gmv_avg,rank_views,rank_views_avg,rank_eng_rate
transcript_only,Curiosity Gap,61,88177.58,1445.53,990,10968942,179819,165169,1148,166317,1.516,8.04,1,1,1,1,1
transcript_only,Problem / Pain Point,129,75869.78,588.14,859,5782831,44828,25416,777,26193,0.453,13.12,2,4,3,3,4
transcript_only,Bold / Shocking Claim,101,72714.65,719.95,810,6729668,66630,7844,294,8138,0.121,10.81,3,2,2,2,6
transcript_only,Direct Question,74,45676.98,617.26,510,3198362,43221,32293,622,32915,1.029,14.28,4,3,5,4,2
transcript_only,Offer / Urgency,71,37671.55,530.59,438,1202962,16943,1220,62,1282,0.107,31.32,5,5,7,7,7
transcript_only,Story / Personal Experience,148,34238.78,231.34,402,4521482,30551,27248,2125,29373,0.65,7.57,6,7,4,5,3
transcript_only,Social Proof / Results,57,24105.48,422.9,282,1259193,22091,3008,114,3122,0.248,19.14,7,6,6,6,5
transcript_only,Other,232,102124.63,440.19,1203,12850676,55391,190552,2343,192895,1.501,7.95,,,,,
all_videos,Curiosity Gap,90,88741.54,986.02,996,11025557,122506,165671,1165,166836,1.513,8.05,1,1,1,1,2
all_videos,Problem / Pain Point,830,86565.62,104.3,1004,9269998,11169,153986,2196,156182,1.685,9.34,2,4,2,4,1
all_videos,Bold / Shocking Claim,455,74733.81,164.25,833,7244686,15922,11088,773,11861,0.164,10.32,3,2,3,2,7
all_videos,Direct Question,301,48786.31,162.08,540,3386612,11251,33737,882,34619,1.022,14.41,4,3,5,3,3
all_videos,Offer / Urgency,777,44810.41,57.67,526,1719256,2213,2533,315,2848,0.166,26.06,5,7,6,7,6
all_videos,Story / Personal Experience,538,36836.46,68.47,441,5194869,9656,30573,2466,33039,0.636,7.09,6,6,4,5,4
all_videos,Social Proof / Results,418,29201.87,69.86,338,1618393,3872,4923,402,5325,0.329,18.04,7,5,7,6,5
all_videos,Other,6154,153070.18,24.87,1829,20011590,3252,247305,9416,256721,1.283,7.65,,,,,
