hook_type,hook_rank,url,creator,date,hook_first_3s,gmv,items_sold,views,likes,comments,engagement_rate_pct
Other,1,https://tiktok.com/@honestamandafinds/video/7575329721966218510,honestamandafinds,2025-11-22,30 second all mouth sonic clean I'm gonna introduce,20882.5,276,564268,710,21,0.13
Other,2,https://tiktok.com/@chryssyvsdream/video/7579811602761829645,chryssyvsdream,2025-12-04,Brush Teeth in 20 seconds,17012.2,189,819876,2216,120,0.285
Other,3,https://tiktok.com/@flytywalt/video/7641271692949490957,flytywalt,2026-05-18,Your toothbrush finally got an upgrade. This is a,16653.7,208,1335968,1641,30,0.125
Curiosity Gap,1,https://tiktok.com/@alexffinds/video/7600875978855927095,alexffinds,2026-01-29,"They said to click it, toothpaste on both sides.",72352.1,814,5604288,8810,107,0.159
Curiosity Gap,2,https://tiktok.com/@s0lana/video/7588796944168832270,s0lana,2025-12-28,I'm gonna hold your hand when I say this.,9986.51,106,344741,1826,68,0.549
Curiosity Gap,3,https://tiktok.com/@mrsnykeebaby/video/7605769695622352142,mrsnykeebaby,2026-02-12,You know those people who think brushing their teeth,1136.52,12,80505,579,12,0.734
Problem / Pain Point,1,https://tiktok.com/@chloes_cart/video/7582677693175516446,chloes_cart,2025-12-11,when you can't bring yourself brush your teeth You've,54321.5,614,4090691,21665,389,0.539
Problem / Pain Point,2,https://tiktok.com/@sunnyjayrays/video/7593790369280691469,sunnyjayrays,2026-01-10,If you haven't had days where getting up and,5170.83,59,686393,513,54,0.083
Problem / Pain Point,3,https://tiktok.com/@julias_cozyhome/video/7653267050567044366,julias_cozyhome,2026-06-20,Is it a fight to clean your kids teeth,3954.34,46,180138,200,20,0.122
Bold / Shocking Claim,1,https://tiktok.com/@schmeglysrevenge/video/7603690990972538142,schmeglysrevenge,2026-02-06,You'll never use a weed wacker again! Ultimate Brush,42584.7,475,5139536,2083,25,0.041
Bold / Shocking Claim,2,https://tiktok.com/@deweyapproved/video/7618784873708408077,deweyapproved,2026-03-19,"58,000 bristles. I ditched my electric toothbrush for the",4946.93,55,56763,65,5,0.123
Bold / Shocking Claim,3,https://tiktok.com/@lilyy_turcotte/video/7647656804003876109,lilyy_turcotte,2026-06-04,auto brush is SO fire. full mouth toothbrush. whitening,4519.46,49,200322,200,2,0.101
Direct Question,1,https://tiktok.com/@jesswalfoster/video/7620178813242101006,jesswalfoster,2026-03-22,Does anybody notice the actual difference here? This one,13147.3,153,297304,434,20,0.153
Direct Question,2,https://tiktok.com/@kels.oconnor/video/7601938779166788894,kels.oconnor,2026-02-01,Who was gonna tell me that we don't have,11723.5,140,674864,1228,52,0.19
Direct Question,3,https://tiktok.com/@monica_leanne/video/7644301369561664798,monica_leanne,2026-05-26,Have you seen how well I use an auto,8966.47,84,223803,234,9,0.109
Offer / Urgency,1,https://tiktok.com/@phamsfinds/video/7616740612645211406,phamsfinds,2026-03-13,This is going to be the last day to,14194.3,168,427441,4,1,0.001
Offer / Urgency,2,https://tiktok.com/@moefindsdeals/video/7593683762039377207,moefindsdeals,2026-01-10,Here's how to get this on a triple discount.,8125.48,94,162815,126,4,0.08
Offer / Urgency,3,https://tiktok.com/@jetskcqzy7m/video/7615857577154399502,jetskcqzy7m,2026-03-11,Today is the last day of the biggest sale,5559.8,67,135974,32,2,0.025
Story / Personal Experience,1,https://tiktok.com/@monica_leanne/video/7623849647164886302,monica_leanne,2026-04-01,Welcome to our dental office. We are checking out,22214.8,268,1239817,415,21,0.035
Story / Personal Experience,2,https://tiktok.com/@robe_finds/video/7580611066628017422,robe_finds,2025-12-06,"After eating some cheesets, then eating some candy, then",2298.55,25,541937,1857,95,0.36
Story / Personal Experience,3,https://tiktok.com/@phamsfinds/video/7616231055472872717,phamsfinds,2026-03-12,And I'm gonna throw this money. Why you doing,1345.22,14,38615,34,0,0.088
Social Proof / Results,1,https://tiktok.com/@maryalyssacarr/video/7596916218464980237,maryalyssacarr,2026-01-19,This has changed our bedtime routine for the best.,17484.0,200,954059,1837,57,0.199
Social Proof / Results,2,https://tiktok.com/@mrs.sammarie/video/7643647736914414861,mrs.sammarie,2026-05-25,I am no longer forcing my child to brush,2276.0,27,58724,176,5,0.308
Social Proof / Results,3,https://tiktok.com/@family.royal.us/video/7667233044008357133,family.royal.us,2026-07-27,Now I'm finally sure every little tooth is clean,2102.52,25,109933,210,10,0.2
